Workbook
Name OppName: Setup!$C$5
Name SolNum: Setup!$C$6
Name Agency: Setup!$C$7
Name NaicsCode: Setup!$C$8
Name DueDate: Setup!$C$9
Name OppValue: Setup!$C$10
Name YourCo: Setup!$C$11
Name YourPrice: Setup!$C$12
Name SetAside: Setup!$C$13
Name ContractType: Setup!$C$14
Name Selection: Setup!$C$15
Name Incumbent: Setup!$C$16
Name TotalYou: Scoring!$E$21
Name TotalC1: Scoring!$G$21
Name TotalC2: Scoring!$I$21
Name TotalC3: Scoring!$K$21
Name TotalC4: Scoring!$M$21
Name WeightTotal: Scoring!$C$21

Sheet Instructions
B2: COMPETITIVE BID ANALYSIS — HOW TO USE
B3: Know your competition before you write a single proposal word. Built for owners with a contract due in six months and zero government experience.
B5: 1. Setup
B6: Open Setup tab. Type the opportunity name, solicitation number, due date, your company name, and your bid price estimate. Everything else flows from these.
B8: 2. Profiles
B9: Open Profiles tab. List up to 5 competitors. Fill the rows you actually know — leave blanks alone, don't guess. Source: SAM.gov entity search, USASpending.gov, the contractor's LinkedIn page, prior award notices.
B11: 3. Scoring
B12: Open Scoring tab. The RFP's Section M lists evaluation factors with weights. Type each factor and its weight (weights must sum to 100). Rate each competitor 1-10 on every factor. Be honest about your own score — wishful thinking loses bids.
B14: 4. SWOT
B15: Open SWOT tab for the top two threats. One column per competitor. Strengths and weaknesses go in the top half; opportunities and threats (your counter-moves) below.
B17: 5. Summary
B18: Open Summary tab. Read the win-probability line, the score gap, and the recommended action. If the gap is negative on more than two factors, rework your approach before you write a word.
B20: Operator note (Andre): I built this because the first time we boarded a federal RFP, we treated it like a commercial pitch. We lost. The team that won had run this exact analysis four weeks earlier and already knew where they were beating us on Past Performance. Run it cold, not warm.

Sheet Setup
B2: OPPORTUNITY SETUP
B3: Fill these fields once. The other tabs read from here.
B5: Opportunity Name | D5: e.g. Janitorial Services — Fort Bragg
B6: Solicitation Number | D6: e.g. W912DY-26-R-0007
B7: Agency / Buying Office | D7: e.g. U.S. Army Corps of Engineers
B8: NAICS Code | D8: e.g. 561720
B9: Due Date | D9: YYYY-MM-DD
B10: Estimated Contract Value (USD) | D10: e.g. 4500000
B11: Your Company Name | D11: e.g. Acme Federal Services LLC
B12: Your Bid Price (USD) | D12: e.g. 4200000
B13: Set-Aside Type
B14: Contract Type
B15: Source Selection Method
B16: Incumbent on This Contract | D16: e.g. ServPro Federal Group
B18: Tip: Section L of the RFP tells you what to submit. Section M tells you how they will score you. Both belong here before you start the Scoring tab.

Sheet Profiles
A2: COMPETITOR PROFILES
A3: One column per competitor. Skip rows you don't know yet — better to leave blank than to guess.
A5: PROFILE FIELD | B5: YOUR COMPANY | C5: COMPETITOR 1 | D5: COMPETITOR 2 | E5: COMPETITOR 3 | F5: COMPETITOR 4
A6: Company Name | B6: =IF(YourCo="","(see Setup tab)",YourCo)
A7: UEI / CAGE Code
A8: Business Size
A9: Revenue (annual est.)
A10: Employee Count (est.)
A11: Primary NAICS Code
A12: Set-Aside Certifications
A13: Active GSA Schedules / IDIQs
A14: Incumbent on This Contract?
A15: Relationship with KO / PM
A16: Recent Agency Awards (LTM)
A17: USASpending LTM ($)
A18: Key Personnel / Clearances
... A25: Your Edge vs This Competitor

Sheet Scoring
A2: EVALUATION SCORING — RFP SECTION M FACTORS
A3: Type each factor from Section M and its weight. Rate every bidder 1-10. Weighted = weight × rating. Watch the gap.
A5: Scoring scale: 10 = clear winner on this factor, 7 = solid, 5 = average, 3 = weak, 1 = serious gap. Weights should total 100. The Summary tab will flag if they don't.
A6: Bidder → | D6: =IF(Profiles!B6="","YOUR CO",Profiles!B6) | F6: =IF(Profiles!C6="","COMP 1",Profiles!C6) | H6: =IF(Profiles!D6="","COMP 2",Profiles!D6) | J6: =IF(Profiles!E6="","COMP 3",Profiles!E6) | L6: =IF(Profiles!F6="","COMP 4",Profiles!F6)
A7: # | B7: EVALUATION FACTOR | C7: WEIGHT (%) | D7: SCORE (1-10) | E7: WTD | F7: SCORE (1-10) | G7: WTD | H7: SCORE (1-10) | I7: WTD | J7: SCORE (1-10) | K7: WTD | L7: SCORE (1-10) | M7: WTD
A8: 1 | B8: Technical Approach / Methodology | E8: =IF(OR($C8="",D8=""),"",$C8*D8) | G8: =IF(OR($C8="",F8=""),"",$C8*F8) | I8: =IF(OR($C8="",H8=""),"",$C8*H8) | K8: =IF(OR($C8="",J8=""),"",$C8*J8) | M8: =IF(OR($C8="",L8=""),"",$C8*L8)
A9: 2 | B9: Management Approach / Key Personnel | E9: =IF(OR($C9="",D9=""),"",$C9*D9) | G9: =IF(OR($C9="",F9=""),"",$C9*F9) | I9: =IF(OR($C9="",H9=""),"",$C9*H9) | K9: =IF(OR($C9="",J9=""),"",$C9*J9) | M9: =IF(OR($C9="",L9=""),"",$C9*L9)
A10: 3 | B10: Past Performance (relevance & quality) | E10: =IF(OR($C10="",D10=""),"",$C10*D10) | G10: =IF(OR($C10="",F10=""),"",$C10*F10) | I10: =IF(OR($C10="",H10=""),"",$C10*H10) | K10: =IF(OR($C10="",J10=""),"",$C10*J10) | M10: =IF(OR($C10="",L10=""),"",$C10*L10)
A11: 4 | B11: Small Business Utilization / Subcontracting | E11: =IF(OR($C11="",D11=""),"",$C11*D11) | G11: =IF(OR($C11="",F11=""),"",$C11*F11) | I11: =IF(OR($C11="",H11=""),"",$C11*H11) | K11: =IF(OR($C11="",J11=""),"",$C11*J11) | M11: =IF(OR($C11="",L11=""),"",$C11*L11)
A12: 5 | B12: Price / Cost Reasonableness | E12: =IF(OR($C12="",D12=""),"",$C12*D12) | G12: =IF(OR($C12="",F12=""),"",$C12*F12) | I12: =IF(OR($C12="",H12=""),"",$C12*H12) | K12: =IF(OR($C12="",J12=""),"",$C12*J12) | M12: =IF(OR($C12="",L12=""),"",$C12*L12)
A13: 6 | B13: Transition Plan | E13: =IF(OR($C13="",D13=""),"",$C13*D13) | G13: =IF(OR($C13="",F13=""),"",$C13*F13) | I13: =IF(OR($C13="",H13=""),"",$C13*H13) | K13: =IF(OR($C13="",J13=""),"",$C13*J13) | M13: =IF(OR($C13="",L13=""),"",$C13*L13)
A14: 7 | B14: Quality Control / QASP Response | E14: =IF(OR($C14="",D14=""),"",$C14*D14) | G14: =IF(OR($C14="",F14=""),"",$C14*F14) | I14: =IF(OR($C14="",H14=""),"",$C14*H14) | K14: =IF(OR($C14="",J14=""),"",$C14*J14) | M14: =IF(OR($C14="",L14=""),"",$C14*L14)
A15: 8 | B15: Security & Compliance Posture | E15: =IF(OR($C15="",D15=""),"",$C15*D15) | G15: =IF(OR($C15="",F15=""),"",$C15*F15) | I15: =IF(OR($C15="",H15=""),"",$C15*H15) | K15: =IF(OR($C15="",J15=""),"",$C15*J15) | M15: =IF(OR($C15="",L15=""),"",$C15*L15)
A16: 9 | E16: =IF(OR($C16="",D16=""),"",$C16*D16) | G16: =IF(OR($C16="",F16=""),"",$C16*F16) | I16: =IF(OR($C16="",H16=""),"",$C16*H16) | K16: =IF(OR($C16="",J16=""),"",$C16*J16) | M16: =IF(OR($C16="",L16=""),"",$C16*L16)
A17: 10 | E17: =IF(OR($C17="",D17=""),"",$C17*D17) | G17: =IF(OR($C17="",F17=""),"",$C17*F17) | I17: =IF(OR($C17="",H17=""),"",$C17*H17) | K17: =IF(OR($C17="",J17=""),"",$C17*J17) | M17: =IF(OR($C17="",L17=""),"",$C17*L17)
A18: 11 | E18: =IF(OR($C18="",D18=""),"",$C18*D18) | G18: =IF(OR($C18="",F18=""),"",$C18*F18) | I18: =IF(OR($C18="",H18=""),"",$C18*H18) | K18: =IF(OR($C18="",J18=""),"",$C18*J18) | M18: =IF(OR($C18="",L18=""),"",$C18*L18)
A19: 12 | E19: =IF(OR($C19="",D19=""),"",$C19*D19) | G19: =IF(OR($C19="",F19=""),"",$C19*F19) | I19: =IF(OR($C19="",H19=""),"",$C19*H19) | K19: =IF(OR($C19="",J19=""),"",$C19*J19) | M19: =IF(OR($C19="",L19=""),"",$C19*L19)
A21: TOTAL WEIGHTED SCORE | C21: =SUM(C8:C19) | D21: TOTAL → | E21: =IFERROR(SUM(E8:E19),0) | F21: TOTAL → | G21: =IFERROR(SUM(G8:G19),0) | H21: TOTAL → | I21: =IFERROR(SUM(I8:I19),0) | J21: TOTAL → | K21: =IFERROR(SUM(K8:K19),0) | L21: TOTAL → | M21: =IFERROR(SUM(M8:M19),0)
A22: Weights must total 100% | D22: =IF(ROUND(WeightTotal,4)=1,"OK — weights sum to 100%","WARNING — weights sum to " & TEXT(WeightTotal,"0%") & ". Fix before reading Summary.")

Sheet SWOT
A2: SWOT — TOP TWO COMPETITIVE THREATS
A3: One column per competitor. Pull facts from the Profiles tab. Be specific: name people, contracts, dollar amounts.
A5: YOUR COMPANY | B5: =IF(Profiles!C6="","COMPETITOR 1",Profiles!C6) | C5: =IF(Profiles!D6="","COMPETITOR 2",Profiles!D6)
A6: STRENGTHS — what they do better
A7: 1.
A8: 2.
A9: 3.
A10: 4.
A11: 5.
A13: WEAKNESSES — gaps the evaluator might notice
A14: 1.
A15: 2.
A16: 3.
A17: 4.
A18: 5.
... A32: 5.

Sheet Summary
A2: COMPETITIVE POSITION — SUMMARY
A3: =IF(OppName="","Add opportunity details on the Setup tab to see this populate.","Opportunity: " & OppName & " · Sol# " & SolNum & " · Due " & IF(DueDate="","TBD",TEXT(DueDate,"yyyy-mm-dd")))
A5: BIDDER | B5: TOTAL WTD SCORE | C5: GAP vs YOU | D5: WILL BID? | E5: THREAT | F5: YOUR EDGE
A6: =IF(Profiles!B6="","YOUR COMPANY",Profiles!B6) | B6: =TotalYou | C6: — | D6: — | E6: — | F6: —
A7: =IF(Profiles!C6="","COMPETITOR 1",Profiles!C6) | B7: =TotalC1 | C7: =TotalYou - TotalC1 | D7: =IF(Profiles!C23="","-",Profiles!C23) | E7: =IF(Profiles!C24="","-",Profiles!C24) | F7: =IF(Profiles!C25="","(add edge note in Profiles)",Profiles!C25)
A8: =IF(Profiles!D6="","COMPETITOR 2",Profiles!D6) | B8: =TotalC2 | C8: =TotalYou - TotalC2 | D8: =IF(Profiles!D23="","-",Profiles!D23) | E8: =IF(Profiles!D24="","-",Profiles!D24) | F8: =IF(Profiles!D25="","(add edge note in Profiles)",Profiles!D25)
A9: =IF(Profiles!E6="","COMPETITOR 3",Profiles!E6) | B9: =TotalC3 | C9: =TotalYou - TotalC3 | D9: =IF(Profiles!E23="","-",Profiles!E23) | E9: =IF(Profiles!E24="","-",Profiles!E24) | F9: =IF(Profiles!E25="","(add edge note in Profiles)",Profiles!E25)
A10: =IF(Profiles!F6="","COMPETITOR 4",Profiles!F6) | B10: =TotalC4 | C10: =TotalYou - TotalC4 | D10: =IF(Profiles!F23="","-",Profiles!F23) | E10: =IF(Profiles!F24="","-",Profiles!F24) | F10: =IF(Profiles!F25="","(add edge note in Profiles)",Profiles!F25)
A12: WIN-PROBABILITY MODEL
A13: Highest competitor weighted score | B13: =MAX(TotalC1,TotalC2,TotalC3,TotalC4)
A14: Your lead (or deficit) in score points | B14: =TotalYou - MAX(TotalC1,TotalC2,TotalC3,TotalC4)
A15: Estimated PWin (rough) | B15: =IF(OR(TotalYou=0,MAX(TotalC1,TotalC2,TotalC3,TotalC4)=0),"Fill Scoring tab first",ROUND(MAX(0.05,MIN(0.95,0.5+(TotalYou-MAX(TotalC1,TotalC2,TotalC3,TotalC4))/(2*MAX(TotalYou,MAX(TotalC1,TotalC2,TotalC3,TotalC4))))),2))
A17: PRICE POSITION
A18: Your bid vs. estimated contract value | B18: =IF(OR(YourPrice="",OppValue="",OppValue=0),"Add prices on Setup tab",YourPrice/OppValue)
A19: Pricing call | B19: =IF(OR(YourPrice="",OppValue="",OppValue=0),"-",IF(YourPrice/OppValue<0.9,"Aggressive — verify margins hold",IF(YourPrice/OppValue<1.05,"Market — defendable","Premium — needs strong technical story")))
A21: RECOMMENDED ACTION
A22: =IF(OR(TotalYou=0,MAX(TotalC1,TotalC2,TotalC3,TotalC4)=0),"Fill the Scoring tab — recommendation pending.",IF(TotalYou-MAX(TotalC1,TotalC2,TotalC3,TotalC4)>=1,"BID. You lead the field on weighted score. Lock the win themes on your top three factors and protect against price erosion.",IF(TotalYou-MAX(TotalC1,TotalC2,TotalC3,TotalC4)>=-0.5,"BID WITH CAUTION. Race is close. Identify the two factors with the largest competitor lead and rework your approach before the proposal start.",IF(TotalYou-MAX(TotalC1,TotalC2,TotalC3,TotalC4)>=-1.5,"NO-BID CANDIDATE. Multiple competitors out-score you on weighted factors. Either find a teaming partner who closes the gap, or save the proposal budget for a better fit.","NO-BID. The field is well ahead. Use this opportunity to learn — request a debrief if it lands, and add the winners to your competitor watchlist."))))
A24: CapturePilot Federal Lead Kit · capturepilot.com · 04 Bid/No-Bid Decision Toolkit

Sheet Help
B2: HELP — EXAMPLES & SOURCES
B3: Where the numbers come from, and what good answers look like.
B5: Where do I find competitors?
B6: Three places. (1) SAM.gov entity search — filter by your NAICS and the agency's state. (2) USASpending.gov — search prior awards on the same NAICS and agency, then look at "Recipient Name". (3) The award notice for the prior contract — it names the incumbent.
B8: How do I estimate revenue?
B9: For private firms, LinkedIn lists employee count — multiply by $150,000 to $200,000 per head for services work. For prior federal awards, USASpending.gov shows lifetime obligations. Round generously and note the source in the cell.
B11: What weight should each factor get?
B12: Read the RFP's Section M. Most federal RFPs spell out the weight ("Technical: 40 points, Past Performance: 30, Price: 30"). Convert to percentages: 40/30/30 becomes 0.40/0.30/0.30. If Section M is vague, default to: Technical 35%, Management 15%, Past Performance 25%, Small Business 10%, Price 15%.
B14: Example — Past Performance score
B15: A 10 means three highly relevant federal contracts over $1M in the last 3 years, all rated Exceptional. A 5 means one relevant contract or two adjacent ones. A 1 means commercial-only work or no documented references.
B17: Example — Technical Approach score
B18: A 10 means a named, proven methodology with metrics, a clear staffing plan, and a transition strategy. A 5 means a generic approach without specifics. A 1 means the proposer is learning the work on the customer's dime.
... B27: The Scoring tab shows a warning under the totals row. The PWin and Recommendation will still calculate, but the comparison is biased. Fix the weights first.
